{
  "arm_A_rational_market": {
    "n": 150,
    "accuracy": 0.9466666666666667,
    "value": 367.98787451582575,
    "value_star": 368.24008447593684,
    "regret": 0.2522099601110881,
    "value_ratio": 0.9993150936827803,
    "mechanism_net_profit": -1600.0,
    "oracle_invocations": 2,
    "agent_participations": 685,
    "total_agent_utility": 66.67906240491294,
    "per_agent": {
      "bayesian_threshold#0": {
        "wealth": 5.633476393041272,
        "utility": 13.386755461823368,
        "stake": 465.55774041984586,
        "n_part": 137
      },
      "bayesian_threshold#1": {
        "wealth": 22.26049981733569,
        "utility": 18.17776885198611,
        "stake": 2169.8467598990396,
        "n_part": 145
      },
      "bayesian_threshold#2": {
        "wealth": 3.0759415202839757,
        "utility": 13.283673063211602,
        "stake": 236.27134172460504,
        "n_part": 134
      },
      "bayesian_threshold#3": {
        "wealth": 1.8673960295478549,
        "utility": 11.331189823022672,
        "stake": 140.31481745111532,
        "n_part": 121
      },
      "bayesian_threshold#4": {
        "wealth": 51.86718811297054,
        "utility": 10.499675204869186,
        "stake": 3751.8376827322336,
        "n_part": 148
      }
    }
  },
  "arm_B_llm_market": {
    "n": 150,
    "accuracy": 0.9533333333333334,
    "value": 368.0094187389888,
    "value_star": 368.24008447593684,
    "regret": 0.23066573694802628,
    "value_ratio": 0.9993735995980005,
    "mechanism_net_profit": -1550.0,
    "oracle_invocations": 1,
    "agent_participations": 728,
    "total_agent_utility": 23.622280621759536,
    "per_agent": {
      "llm_market#0": {
        "wealth": 5.633476393041272,
        "utility": 9.89736042492223,
        "stake": 467.6842010036877,
        "n_part": 146
      },
      "llm_market#1": {
        "wealth": 22.26049981733569,
        "utility": 11.10782719143345,
        "stake": 1430.577375550372,
        "n_part": 146
      },
      "llm_market#2": {
        "wealth": 3.0759415202839757,
        "utility": 0.8051555773181471,
        "stake": 262.8042464211836,
        "n_part": 143
      },
      "llm_market#3": {
        "wealth": 1.8673960295478549,
        "utility": -12.681588814184474,
        "stake": 153.97789335376942,
        "n_part": 144
      },
      "llm_market#4": {
        "wealth": 51.86718811297054,
        "utility": 14.493526242270184,
        "stake": 3175.5,
        "n_part": 149
      }
    },
    "shard_durations_s": [
      6048.0726689170115,
      6066.55136404201,
      6029.370322417002,
      6175.164139708009,
      5939.7343865,
      5981.9972869170015,
      5867.471194624988,
      5580.171010958002
    ]
  },
  "arm_B_microstructure": {
    "stake_sizing": {
      "n_accepted_stakes": 1668,
      "spearman_stake_vs_precision": 0.858050380432166,
      "spearman_stake_vs_abs_signal_error": -0.46427352588717313,
      "spearman_stake_vs_belief_extremity": 0.584115015301012,
      "spearman_agent_wealth_vs_total_stake": 0.9651031894934335
    },
    "per_agent": [
      {
        "wealth": 1.8673960295478549,
        "precision": 3.7347920590957098,
        "mean_abs_signal_error": 0.3953583641992542,
        "total_stake": 20.349999999999994,
        "belief_accuracy": 0.8947368421052632
      },
      {
        "wealth": 1.8673960295478549,
        "precision": 3.7347920590957098,
        "mean_abs_signal_error": 0.4513572565877519,
        "total_stake": 19.009384835852863,
        "belief_accuracy": 0.8421052631578947
      },
      {
        "wealth": 1.8673960295478549,
        "precision": 3.7347920590957098,
        "mean_abs_signal_error": 0.47860220142472487,
        "total_stake": 18.072923223901913,
        "belief_accuracy": 0.8947368421052632
      },
      {
        "wealth": 1.8673960295478549,
        "precision": 3.7347920590957098,
        "mean_abs_signal_error": 0.5101218112376208,
        "total_stake": 19.91441134436824,
        "belief_accuracy": 0.7368421052631579
      },
      {
        "wealth": 1.8673960295478549,
        "precision": 3.7347920590957098,
        "mean_abs_signal_error": 0.41517983496683736,
        "total_stake": 17.749999999999996,
        "belief_accuracy": 0.8947368421052632
      },
      {
        "wealth": 1.8673960295478549,
        "precision": 3.7347920590957098,
        "mean_abs_signal_error": 0.3809506132317555,
        "total_stake": 24.444631140352314,
        "belief_accuracy": 0.6842105263157895
      },
      {
        "wealth": 1.8673960295478549,
        "precision": 3.7347920590957098,
        "mean_abs_signal_error": 0.41370778642575073,
        "total_stake": 17.787923223901906,
        "belief_accuracy": 0.7894736842105263
      },
      {
        "wealth": 1.8673960295478549,
        "precision": 3.7347920590957098,
        "mean_abs_signal_error": 0.35780700326857123,
        "total_stake": 21.847843478047782,
        "belief_accuracy": 0.7058823529411765
      },
      {
        "wealth": 3.0759415202839757,
        "precision": 6.151883040567951,
        "mean_abs_signal_error": 0.24983421557057706,
        "total_stake": 32.23784928423674,
        "belief_accuracy": 0.8947368421052632
      },
      {
        "wealth": 3.0759415202839757,
        "precision": 6.151883040567951,
        "mean_abs_signal_error": 0.33595875813355075,
        "total_stake": 34.840509900289696,
        "belief_accuracy": 0.8947368421052632
      },
      {
        "wealth": 3.0759415202839757,
        "precision": 6.151883040567951,
        "mean_abs_signal_error": 0.3099523911161913,
        "total_stake": 36.68984515846103,
        "belief_accuracy": 0.9473684210526315
      },
      {
        "wealth": 3.0759415202839757,
        "precision": 6.151883040567951,
        "mean_abs_signal_error": 0.4270798755519369,
        "total_stake": 37.46738283740184,
        "belief_accuracy": 0.8947368421052632
      },
      {
        "wealth": 3.0759415202839757,
        "precision": 6.151883040567951,
        "mean_abs_signal_error": 0.2806263007442224,
        "total_stake": 31.408585258171332,
        "belief_accuracy": 0.8421052631578947
      },
      {
        "wealth": 3.0759415202839757,
        "precision": 6.151883040567951,
        "mean_abs_signal_error": 0.2787953054497026,
        "total_stake": 33.37679757923051,
        "belief_accuracy": 0.8421052631578947
      },
      {
        "wealth": 3.0759415202839757,
        "precision": 6.151883040567951,
        "mean_abs_signal_error": 0.22698897295903464,
        "total_stake": 33.356797579230516,
        "belief_accuracy": 0.7894736842105263
      },
      {
        "wealth": 3.0759415202839757,
        "precision": 6.151883040567951,
        "mean_abs_signal_error": 0.25353181628863153,
        "total_stake": 33.44284928423674,
        "belief_accuracy": 1.0
      },
      {
        "wealth": 5.633476393041272,
        "precision": 11.266952786082545,
        "mean_abs_signal_error": 0.2942024091574839,
        "total_stake": 63.59762885819645,
        "belief_accuracy": 0.9473684210526315
      },
      {
        "wealth": 5.633476393041272,
        "precision": 11.266952786082545,
        "mean_abs_signal_error": 0.2918786457891574,
        "total_stake": 67.5552577163929,
        "belief_accuracy": 0.9473684210526315
      },
      {
        "wealth": 5.633476393041272,
        "precision": 11.266952786082545,
        "mean_abs_signal_error": 0.22112445410313,
        "total_stake": 56.43262885819645,
        "belief_accuracy": 1.0
      },
      {
        "wealth": 5.633476393041272,
        "precision": 11.266952786082545,
        "mean_abs_signal_error": 0.19940671686147604,
        "total_stake": 59.058943287294674,
        "belief_accuracy": 0.9473684210526315
      },
      {
        "wealth": 5.633476393041272,
        "precision": 11.266952786082545,
        "mean_abs_signal_error": 0.20489935472943008,
        "total_stake": 64.88381442909824,