{
 "config": {
  "N": 3,
  "sigma_eps": 1.0,
  "tau": 0.3,
  "B_ref": 2.0,
  "S_grid": [
   0.1,
   0.2,
   0.4,
   0.8,
   1.6,
   3.2
  ],
  "rho_headline": "covert (1e-12)",
  "lmsr_bridge": "kappa = tau*ln2/S, b = S/ln2, p=(tau/b)Q exact",
  "kappa_equals_kyle_lambda_at_S": 0.5146355253209872
 },
 "rows": [
  {
   "instrument": "noise",
   "S": 0.1,
   "sigma_u": 0.24494897427831783,
   "lam": 1.6666666666648897,
   "subsidy_realized": 0.09999999999999662,
   "dq0": 0.25860546660111505,
   "bias": 0.5968232959657755,
   "dq": 0.18093018511060296,
   "damage": 0.07767528149051209,
   "corr_pv0": 0.7715167498163154,
   "approval": 0.7506218526164896,
   "a_m": 0.3580939775802052,
   "dq0_frozen_beta": 0.31380447620090324,
   "corr_pv0_frozen_beta": 0.8842519916028398,
   "dev_honest_sup": 6.419766481283942e-34,
   "dev_manip_sup": 0.00212773664639343
  },
  {
   "instrument": "amm_covert",
   "S": 0.1,
   "b_lmsr": 0.14426950408889636,
   "kappa": 2.0794415416798357,
   "worst_case_maker_loss": 0.1,
   "maker_expected_loss_B0": -2.014319890524015,
   "maker_expected_loss_Bref": -2.076434808607839,
   "dq0": 0.1103764973847872,
   "bias": 0.3657606114747276,
   "dq": 0.10737169216229644,
   "damage": 0.003004805222490761,
   "corr_pv0": 0.2848670976096044,
   "approval": 0.5644010727483131,
   "a_m": 0.17589367344250018,
   "a_h": -4.397341835972849e-14,
   "dev_honest_sup": 1.569904623227789e-31,
   "dev_manip_sup": 6.67443031785453e-05
  },
  {
   "instrument": "amm_aware",
   "S": 0.1,
   "b_lmsr": 0.14426950408889636,
   "kappa": 2.0794415416798357,
   "worst_case_maker_loss": 0.1,
   "maker_expected_loss_B0": -2.0009275258488843,
   "maker_expected_loss_Bref": -2.0109306478675717,
   "dq0": 0.1017300081454715,
   "bias": 0.14748929497117844,
   "dq": 0.1011259294045505,
   "damage": 0.000604078740921013,
   "corr_pv0": 0.26268093429766465,
   "approval": 0.5260957533750615,
   "a_m": 0.28370943258477305,
   "a_h": -0.07092735814613227,
   "dev_honest_sup": 2.5983551539982443e-24,
   "dev_manip_sup": 0.0003756640586070059
  },
  {
   "instrument": "noise",
   "S": 0.2,
   "sigma_u": 0.48989794855663565,
   "lam": 0.8333333333330546,
   "subsidy_realized": 0.19999999999999324,
   "dq0": 0.25860546660111505,
   "bias": 0.3343365460927494,
   "dq": 0.23323295559499577,
   "damage": 0.025372511006119286,
   "corr_pv0": 0.7715167498163154,
   "approval": 0.6401926070006867,
   "a_m": 0.40120385531183467,
   "dq0_frozen_beta": 0.301339462293643,
   "corr_pv0_frozen_beta": 0.8588411858621452,
   "dev_honest_sup": 1.3360902577582142e-59,
   "dev_manip_sup": 0.004470894986769114
  },
  {
   "instrument": "amm_covert",
   "S": 0.2,
   "b_lmsr": 0.2885390081777927,
   "kappa": 1.0397207708399179,
   "worst_case_maker_loss": 0.2,
   "maker_expected_loss_B0": -0.9094774685369507,
   "maker_expected_loss_Bref": -0.9877620770803435,
   "dq0": 0.18311083798529193,
   "bias": 0.2993013220808587,
   "dq": 0.1748451462248234,
   "damage": 0.008265691760468541,
   "corr_pv0": 0.498708602066669,
   "approval": 0.5875890340803391,
   "a_m": 0.2878670220665399,
   "a_h": -7.196675551663497e-14,
   "dev_honest_sup": 9.516187490775616e-24,
   "dev_manip_sup": 0.000813727234068029
  },
  {
   "instrument": "amm_aware",
   "S": 0.2,
   "b_lmsr": 0.2885390081777927,
   "kappa": 1.0397207708399179,
   "worst_case_maker_loss": 0.2,
   "maker_expected_loss_B0": -0.8826927391785429,
   "maker_expected_loss_Bref": -0.8958353030845607,
   "dq0": 0.1712418078667161,
   "bias": 0.12430275228203631,
   "dq": 0.16947176201497563,
   "damage": 0.0017700458517404816,
   "corr_pv0": 0.46826099381175396,
   "approval": 0.5372608121498266,
   "a_m": 0.4782159047630483,
   "a_h": -0.11955397619076208,
   "dev_honest_sup": 1.3222648242672013e-24,
   "dev_manip_sup": 0.0009319110528576147
  },
  {
   "instrument": "noise",
   "S": 0.4,
   "sigma_u": 0.9797958971132713,
   "lam": 0.41666666666650554,
   "subsidy_realized": 0.3999999999983724,
   "dq0": 0.25860546658263966,
   "bias": 0.17125854735345603,
   "dq": 0.25198539763567523,
   "damage": 0.00662006894696443,
   "corr_pv0": 0.7715167497842134,
   "approval": 0.5711668023768928,
   "a_m": 0.4110205136488644,
   "dq0_frozen_beta": 0.2605305545454762,
   "corr_pv0_frozen_beta": 0.775465677717809,
   "dev_honest_sup": 8.044329219093129e-26,
   "dev_manip_sup": 0.003254425578717468
  },
  {
   "instrument": "amm_covert",
   "S": 0.4,
   "b_lmsr": 0.5770780163555854,
   "kappa": 0.5198603854199589,
   "worst_case_maker_loss": 0.4,
   "maker_expected_loss_B0": -0.2593737808133477,
   "maker_expected_loss_Bref": -0.3244214007254507,
   "dq0": 0.24506710037153093,
   "bias": 0.20187405902457134,
   "dq": 0.2369766039288008,
   "damage": 0.008090496442730133,
   "corr_pv0": 0.7170005170860847,
   "approval": 0.5794709323982677,
   "a_m": 0.3883236051194206,
   "a_h": -9.708090127985514e-14,
   "dev_honest_sup": 2.5267611354495772e-24,
   "dev_manip_sup": 0.0027556134442099367
  },
  {
   "instrument": "amm_aware",
   "S": 0.4,
   "b_lmsr": 0.5770780163555854,
   "kappa": 0.5198603854199589,
   "worst_case_maker_loss": 0.4,
   "maker_expected_loss_B0": -0.20580432209681898,
   "maker_expected_loss_Bref": -0.21662065520277718,
   "dq0": 0.23361421053082385,
   "bias": 0.08493314313984204,
   "dq": 0.23180218302960834,
   "damage": 0.0018120275012155074,
   "corr_pv0": 0.6937663683854066,
   "approval": 0.5347802959030328,
   "a_m": 0.6535073302129293,
   "a_h": -0.16337683255321525,
   "dev_honest_sup": 1.774925200943608e-24,
   "dev_manip_sup": 0.003297881997557983
  },
  {
   "instrument": "noise",
   "S": 0.8,
   "sigma_u": 1.9595917942265426,
   "lam": 0.2083333333333076,
   "subsidy_realized": 0.7999999999997519,
   "dq0": 0.2586054665958079,
   "bias": 0.08606511545019241,
   "dq": 0.25693913800194934,
   "damage": 0.0016663285938585681,
   "corr_pv0": 0.7715167498070173,
   "approval": 0.5356516295912752,
   "a_m": 0.4131125541613877,
   "dq0_frozen_beta": 0.17117160679650567,
   "corr_pv0_frozen_beta": 0.5880589706873134,
   "dev_honest_sup": 1.1113083138112817e-26,
   "dev_manip_sup": 0.0017851381685061174
  },
  {
   "instrument": "amm_covert",
   "S": 0.8,
   "b_lmsr": 1.1541560327111708,
   "kappa": 0.25993019270997947,
   "worst_case_maker_loss": 0.8,
   "maker_expected_loss_B0": 0.26104301650206707,
   "maker_expected_loss_Bref": 0.22255698234464527,
   "dq0": 0.2739763844327391,
   "bias": 0.11365249543438563,
   "dq": 0.27066661865989106,
   "damage": 0.003309765772848028,
   "corr_pv0": 0.8373270168208249,
   "approval": 0.5499625068726746,
   "a_m": 0.437242377461024,
   "a_h": -1.09310594365256e-13,
   "dev_honest_sup": 4.894744750911657e-25,
   "dev_manip_sup": 0.003174040039076287
  },
  {
   "instrument": "amm_aware",
   "S": 0.8,
   "b_lmsr": 1.1541560327111708,
   "kappa": 0.25993019270997947,
   "worst_case_maker_loss": 0.8,
   "maker_expected_loss_B0": 0.36818193393555565,
   "maker_expected_loss_Bref": 0.3619190078684833,
   "dq0": 0.2641968614587733,
   "bias": 0.04807073627919123,
   "dq": 0.2634439593970934,
   "damage": 0.0007529020616798832,
   "corr_pv0": 0.8284819758880018,
   "approval": 0.522248949042834,
   "a_m": 0.7397484036483214,
   "a_h": -0.18493710091222237,
   "dev_honest_sup": 8.572367253524865e-25,
   "dev_manip_sup": 0.0037933052290668456
  },
  {
   "instrument": "noise",
   "S": 1.6,
   "sigma_u": 3.9191835884530852,
   "lam": 0.10416666666665902,
   "subsidy_realized": 1.5999999999995038,
   "dq0": 0.2586054665958079,
   "bias": 0.04308403230020644,
   "dq": 0.2581882918433542,
   "damage": 0.0004171747524537306,
   "corr_pv0": 0.7715167498070173,
   "approval": 0.5178319726529554,
   "a_m": 0.4136067100824258,
   "dq0_frozen_beta": 0.0742549646594959,
   "corr_pv0_frozen_beta": 0.35789840639329384,
   "dev_honest_sup": 5.824104596463904e-27,
   "dev_manip_sup": 0.0009133506460248242
  },
  {
   "instrument": "amm_covert",
   "S": 1.6,
   "b_lmsr": 2.3083120654223417,