{
 "grid": [
  0.1,
  0.2,
  0.3,
  0.4,
  0.5,
  0.6,
  0.7,
  0.8,
  0.9
 ],
 "b": 0.01,
 "iters": 4000,
 "infosets_batch": 6,
 "infosets_sequential_same_grid_R1": 182,
 "runs": [
  {
   "bounty": 0.0,
   "metrics": {
    "log_loss_final": 0.17123496472891014,
    "decision_acc": 0.9999998646450893,
    "leak_own": 0.0051780661646315,
    "mean_final_price_minus_half": 4.85722573273506e-17,
    "player_values": [
     0.0017397073861034492,
     0.0017397073861034494,
     0.0017397073861034494
    ],
    "nashconv": 1.1021115936321255e-08,
    "solve_seconds": 1.0803747177124023
   },
   "avg_strategy": {
    "p0_bit0": [
     0.0,
     1.0,
     0.0,
     0.0,
     0.0,
     0.0,
     0.0,
     0.0,
     0.0
    ],
    "p0_bit1": [
     0.0,
     0.0,
     0.0,
     0.0,
     0.0,
     0.0,
     0.0,
     1.0,
     0.0
    ],
    "p1_bit0": [
     0.0,
     1.0,
     0.0,
     0.0,
     0.0,
     0.0,
     0.0,
     0.0,
     0.0
    ],
    "p1_bit1": [
     0.0,
     0.0,
     0.0,
     0.0,
     0.0,
     0.0,
     0.0,
     1.0,
     0.0
    ],
    "p2_bit0": [
     0.0,
     1.0,
     0.0,
     0.0,
     0.0,
     0.0,
     0.0,
     0.0,
     0.0
    ],
    "p2_bit1": [
     0.0,
     0.0,
     0.0,
     0.0,
     0.0,
     0.0,
     0.0,
     1.0,
     0.0
    ]
   }
  },
  {
   "bounty": 0.05,
   "metrics": {
    "log_loss_final": 0.4215155782828475,
    "decision_acc": 0.7499999909701649,
    "leak_own": 0.004893420978262309,
    "mean_final_price_minus_half": 0.11992340662366045,
    "player_values": [
     0.004347270188337932,
     0.0021826080828080347,
     0.0021826080828080347
    ],
    "nashconv": 2.7695620227752293e-08,
    "solve_seconds": 1.0997002124786377
   },
   "avg_strategy": {
    "p0_bit0": [
     0.0,
     0.0,
     0.0,
     0.0,
     0.0,
     0.0,
     0.0,
     0.0,
     1.0
    ],
    "p0_bit1": [
     0.0,
     0.0,
     0.0,
     0.0,
     0.0,
     0.0,
     0.0,
     0.0,
     1.0
    ],
    "p1_bit0": [
     1.0,
     0.0,
     0.0,
     0.0,
     0.0,
     0.0,
     0.0,
     0.0,
     0.0
    ],
    "p1_bit1": [
     0.0,
     0.0,
     0.0,
     0.0,
     0.0,
     0.0014,
     0.9986,
     0.0,
     0.0
    ],
    "p2_bit0": [
     1.0,
     0.0,
     0.0,
     0.0,
     0.0,
     0.0,
     0.0,
     0.0,
     0.0
    ],
    "p2_bit1": [
     0.0,
     0.0,
     0.0,
     0.0,
     0.0,
     0.0014,
     0.9986,
     0.0,
     0.0
    ]
   }
  },
  {
   "bounty": 0.2,
   "metrics": {
    "log_loss_final": 0.4215123914278609,
    "decision_acc": 0.7499999452629587,
    "leak_own": 0.004893262211238771,
    "mean_final_price_minus_half": 0.11991702667951613,
    "player_values": [
     0.0223345944758,
     0.002182579375712036,
     0.002182579375712036
    ],
    "nashconv": 4.1715933865246746e-08,
    "solve_seconds": 1.0748732089996338
   },
   "avg_strategy": {
    "p0_bit0": [
     0.0,
     0.0,
     0.0,
     0.0,
     0.0,
     0.0,
     0.0,
     0.0,
     1.0
    ],
    "p0_bit1": [
     0.0,
     0.0,
     0.0,
     0.0,
     0.0,
     0.0,
     0.0,
     0.0,
     1.0
    ],
    "p1_bit0": [
     1.0,
     0.0,
     0.0,
     0.0,
     0.0,
     0.0,
     0.0,
     0.0,
     0.0
    ],
    "p1_bit1": [
     0.0,
     0.0,
     0.0,
     0.0,
     0.0,
     0.0015,
     0.9985,
     0.0,
     0.0
    ],
    "p2_bit0": [
     1.0,
     0.0,
     0.0,
     0.0,
     0.0,
     0.0,
     0.0,
     0.0,
     0.0
    ],
    "p2_bit1": [
     0.0,
     0.0,
     0.0,
     0.0,
     0.0,
     0.0015,
     0.9985,
     0.0,
     0.0
    ]
   }
  }
 ]
}