{
  "config": {
    "iterations": 300,
    "actions": 9,
    "structure": "t3s111y2",
    "bonuses": [
      0.0,
      0.02,
      0.05,
      0.2
    ]
  },
  "results": {
    "BASE-2": {
      "0": {
        "params": {
          "structure": "t3s111y2",
          "num_players": 2,
          "num_rounds": 2,
          "num_actions": 9,
          "signals": "b,c"
        },
        "elapsed": 9.862881898880005,
        "nash_conv": 5.01636709184872e-06,
        "mean_log_error": 0.39928330952599456,
        "aggregate": {
          "returns": [
            0.001241868106109881,
            0.0016965657426078794
          ],
          "market_pnl": [
            0.001241868106109881,
            0.0016965657426078794
          ],
          "decision_accuracy": 0.7499903851999644
        },
        "by_omega": {
          "a": {
            "x": 1.0,
            "mean_price": 0.8999469711976334,
            "p_high": 0.9999884561400141,
            "returns": [
              0.0038475549984659024,
              0.0020295865301615803
            ],
            "market_pnl": [
              0.0038475549984659024,
              0.0020295865301615803
            ],
            "price_trajectory": [
              0.5,
              0.736167,
              0.899947
            ]
          },
          "b": {
            "x": 1.0,
            "mean_price": 0.49998983154255466,
            "p_high": 0.9996114004475969,
            "returns": [
              0.0038475549984659015,
              -0.0038480757630217394
            ],
            "market_pnl": [
              0.0038475549984659015,
              -0.0038480757630217394
            ],
            "price_trajectory": [
              0.5,
              0.736167,
              0.49999
            ]
          },
          "c": {
            "x": 1.0,
            "mean_price": 0.5000101684574456,
            "p_high": 0.9996597523144763,
            "returns": [
              -0.006575192570958131,
              0.00657516567313005
            ],
            "market_pnl": [
              -0.006575192570958131,
              0.00657516567313005
            ],
            "price_trajectory": [
              0.5,
              0.263833,
              0.50001
            ]
          },
          "d": {
            "x": 0.0,
            "mean_price": 0.10005302880236681,
            "p_high": 2.691534015635608e-05,
            "returns": [
              0.0038475549984658833,
              0.0020295865301615955
            ],
            "market_pnl": [
              0.0038475549984658833,
              0.0020295865301615955
            ],
            "price_trajectory": [
              0.5,
              0.263833,
              0.100053
            ]
          },
          "e": {
            "x": 1.0,
            "mean_price": 0.8999469711976334,
            "p_high": 0.9999884561400141,
            "returns": [
              0.0038475549984659024,
              0.0020295865301615803
            ],
            "market_pnl": [
              0.0038475549984659024,
              0.0020295865301615803
            ],
            "price_trajectory": [
              0.5,
              0.736167,
              0.899947
            ]
          },
          "f": {
            "x": 0.0,
            "mean_price": 0.49998983154255466,
            "p_high": 0.9996114004475969,
            "returns": [
              -0.0065751925709581814,
              0.006575165673130098
            ],
            "market_pnl": [
              -0.0065751925709581814,
              0.006575165673130098
            ],
            "price_trajectory": [
              0.5,
              0.736167,
              0.49999
            ]
          },
          "g": {
            "x": 0.0,
            "mean_price": 0.5000101684574456,
            "p_high": 0.9996597523144763,
            "returns": [
              0.0038475549984658864,
              -0.003848075763021724
            ],
            "market_pnl": [
              0.0038475549984658864,
              -0.003848075763021724
            ],
            "price_trajectory": [
              0.5,
              0.263833,
              0.50001
            ]
          },
          "h": {
            "x": 0.0,
            "mean_price": 0.10005302880236681,
            "p_high": 2.691534015635608e-05,
            "returns": [
              0.0038475549984658833,
              0.0020295865301615955
            ],
            "market_pnl": [
              0.0038475549984658833,
              0.0020295865301615955
            ],
            "price_trajectory": [
              0.5,
              0.263833,
              0.100053
            ]
          }
        }
      }
    }
  }
}